<?xml version="1.0" encoding="UTF-8"?>
<!DOCTYPE hibernate-configuration PUBLIC
		"-//Hibernate/Hibernate Configuration DTD 3.0//EN"
		"http://hibernate.sourceforge.net/hibernate-configuration-3.0.dtd">
<hibernate-configuration>
	<session-factory>
		<property name="hibernate.connection.driver_class">com.mysql.jdbc.Driver</property>

		<property name="hibernate.connection.password">root</property>

		<property name="hibernate.connection.url">jdbc:mysql://localhost:3306/userdatas</property>

		<property name="hibernate.connection.username">root</property>

		<property name="connection.password">root</property>

		<property name="dialect">org.hibernate.dialect.MySQL8Dialect</property>

		<property name="show_sql">true</property>

		<property name="format_sql">true</property>

		<property name="hbm2ddl.auto">update</property>

		<mapping class="com.nagarro.model.User" />

		<mapping class="com.nagarro.model.ImageManagement" />
	</session-factory>
</hibernate-configuration>
